experiment,arm,weights,dice_3d,sensitivity_3d,precision_3d,volume_ratio_3d,fp_components,false_alarm_rate_2d,threshold,split,grid,resize_mode,n_adjacent,source
baseline committed,seed 42,best,0.5201,,,,7.3,,0.65,original,192,stretch,1,committed run
nb1 corrected baseline,seed 42,best,0.4488,0.4245,0.5974,0.637,7.4,0.0571,0.55,original,192,stretch,1,rerun-baselines.log
nb1 corrected baseline,seed 42,final,0.4147,0.3704,0.5789,0.548,8.1,,0.65,original,192,stretch,1,rerun-baselines.log
nb1 corrected baseline,seed 43,best,0.3929,0.4197,0.46,0.657,8.6,0.0704,0.55,original,192,stretch,1,rerun-baselines.log
nb1 corrected baseline,seed 43,final,0.3226,0.3611,0.3733,0.621,15.5,,0.35,original,192,stretch,1,rerun-baselines.log
nb1 budget calibration,"98,780 steps",best,0.425,0.3913,0.5969,0.458,8.4,,0.5,original,192,stretch,1,rerun-baselines.log
nb1 budget calibration,"98,780 steps",final,0.3853,0.3222,0.6549,0.308,6.2,,0.6,original,192,stretch,1,rerun-baselines.log
nb2 selection rule,select on all slices,best,0.3045,0.3302,0.355,1.809,6.6,,0.9,original,192,stretch,1,protocoale-positives.log
nb2 selection rule,"select on positives, scored all slices",best,0.2067,0.3191,0.1977,,,,0.99,original,192,stretch,1,protocoale-positives.log
nb2 selection rule,"select on positives, oracle protocol",best,0.5515,0.5302,0.6737,0.873,1.7,,0.65,original,192,stretch,1,protocoale-positives.log
nbW sampling ratio,1:1,best,0.3962,,,,9.0,,,original,192,stretch,1,w-step-matched-grid.log
nbW sampling ratio,1:3,best,0.429,,,,6.9,,,original,192,stretch,1,w-step-matched-grid.log
nbW sampling ratio,1:5,best,0.3818,,,,11.4,,,original,192,stretch,1,w-step-matched-grid.log
nbW sampling ratio,1:9,best,0.4183,,,,10.6,,,original,192,stretch,1,w-step-matched-grid.log
nbW sampling ratio,all,best,0.4554,,,,11.3,,,original,192,stretch,1,w-step-matched-grid.log
nb6 cross-validation,fold 0,best,0.3145,,,,,,,cv fold 0,192,stretch,1,cv-steps-fixed.log
nb6 cross-validation,fold 1,best,0.3946,,,,,,,cv fold 1,192,stretch,1,cv-steps-fixed.log
nb6 cross-validation,fold 2,best,0.4793,,,,,,,cv fold 2,192,stretch,1,cv-steps-fixed.log
nb6 cross-validation,fold 3,best,0.3942,,,,,,,cv fold 3,192,stretch,1,cv-steps-fixed.log
nb6 cross-validation,fold 4,best,0.4292,,,,,,,cv fold 4,192,stretch,1,cv-steps-fixed.log
nb7 hard negatives,"stage 1, all",best,0.394,,,,,,,original,192,stretch,1,hard-negatives-corrected-again.log
nb7 hard negatives,"stage 2, distance",best,0.3982,,,,,,,original,192,stretch,1,hard-negatives-corrected-again.log
nb7 hard negatives,"stage 2, mined",best,0.4194,,,,,,,original,192,stretch,1,hard-negatives-corrected-again.log
nb7 hard negatives,"stage 2, random",best,0.4201,,,,,,,original,192,stretch,1,hard-negatives-corrected-again.log
nb8 two stage,stage 1,best,0.394,0.367,0.5416,,10.2,0.0701,0.65,original,192,stretch,1,2-stages-corrected.log
nb8 two stage,"positives, low LR",best,0.4166,0.3822,0.5564,,10.9,0.0769,0.7,original,192,stretch,1,2-stages-corrected.log
nb8 two stage,"positives, high LR",best,0.4226,0.373,0.5698,,10.9,0.0721,0.7,original,192,stretch,1,2-stages-corrected.log
nb8 two stage,"hard neg 0.5, low LR",best,0.4194,0.3642,0.6025,,8.6,0.064,0.75,original,192,stretch,1,2-stages-corrected.log
nb8 two stage,"hard neg 0.5, high LR",best,0.3779,0.3509,0.4676,,10.6,0.0785,0.7,original,192,stretch,1,2-stages-corrected.log
nb8 two stage,"hard neg 1.0, low LR",best,0.3983,0.37,0.5621,,9.0,0.0672,0.65,original,192,stretch,1,2-stages-corrected.log
nb8 two stage,"hard neg 1.0, high LR",best,0.4062,0.3882,0.4938,,8.7,0.063,0.65,original,192,stretch,1,2-stages-corrected.log
nb9 fold-2 split,committed config,best,0.4344,0.4525,0.448,1.248,13.1,0.1042,0.45,fold2,192,stretch,1,original-baseline-new-split.log
nb12 context,2D (1 ch),best,0.394,0.367,0.5416,0.687,10.2,,0.65,original,192,stretch,1,context-felii.log
nb12 context,2D (1 ch),final,0.4224,0.3755,0.6003,0.397,8.3,0.0608,0.65,original,192,stretch,1,context-felii.log
nb12 context,+/-1mm (3 ch),best,0.4616,0.4444,0.6303,0.943,5.9,,0.7,original,192,stretch,3,context-felii.log
nb12 context,+/-1mm (3 ch),final,0.4575,0.4249,0.6485,0.451,6.7,0.0512,0.6,original,192,stretch,3,context-felii.log
nb12 context,+/-2mm (5 ch),best,0.5014,0.5164,0.5779,0.967,3.7,,0.5,original,192,stretch,5,context-felii.log
nb12 context,+/-2mm (5 ch),final,0.4808,0.461,0.6153,0.563,2.5,0.0283,0.6,original,192,stretch,5,context-felii.log
nb12 context,+/-3mm (7 ch),best,0.4446,0.4459,0.6004,0.809,4.3,,0.45,original,192,stretch,7,context-felii.log
nb12 context,+/-3mm (7 ch),final,0.4282,0.4087,0.6238,0.58,3.5,0.0354,0.55,original,192,stretch,7,context-felii.log
nb13 resolution,"192 (stretch, VOID control)",best,0.394,,,,10.2,,0.65,original,192,stretch,1,resolutions-pad.log
nb13 resolution,256 pad,best,0.4292,,,,9.6,,0.45,original,256,pad,1,resolutions-pad.log
nb13 resolution,320 pad,best,0.4572,,,,9.8,,0.55,original,320,pad,1,resolutions-pad.log
nb14 lung mask,"control, no mask",final,0.4224,0.3755,0.6003,0.397,8.3,0.0608,0.65,original,192,stretch,1,mask.log
nb14 lung mask,post-hoc dilation 0,final,0.3463,0.2796,0.5906,0.309,9.2,0.0527,0.65,original,192,stretch,1,mask.log
nb14 lung mask,post-hoc dilation 3,final,0.4191,0.3675,0.6047,0.397,7.9,0.0592,0.65,original,192,stretch,1,mask.log
nb14 lung mask,post-hoc dilation 5,final,0.4248,0.3755,0.6066,0.397,7.9,0.0592,0.65,original,192,stretch,1,mask.log
nb14 lung mask,post-hoc dilation 8,final,0.4248,0.3755,0.6066,0.397,7.9,0.0592,0.65,original,192,stretch,1,mask.log
nb14 lung mask,post-hoc dilation 12,final,0.4248,0.3755,0.6066,0.397,7.9,0.0592,0.65,original,192,stretch,1,mask.log
nb14 lung mask,"cascade, masked input",final,0.41,0.3765,0.5933,0.441,7.8,0.0638,0.8,original,192,stretch,1,mask.log
nb17 320 pad 5ch,"320 pad, 5 ch",best,0.5119,0.5171,0.6082,0.762,5.7,0.0742,0.55,original,320,pad,5,320-5ch-pad.log
nb17 320 pad 5ch,"320 pad, 5 ch",final,0.5058,0.4791,0.6891,0.564,5.1,0.0471,0.7,original,320,pad,5,320-5ch-pad.log
nb18 320 pad 7ch,"320 pad, 7 ch",best,0.4827,0.4824,0.643,0.589,4.8,0.0546,0.8,original,320,pad,7,320-7-ch-pad.log
nb18 320 pad 7ch,"320 pad, 7 ch",final,0.4663,0.4681,0.6476,0.566,5.5,0.0574,0.85,original,320,pad,7,320-7-ch-pad.log
nb19 320 stretch 5ch,"320 stretch, 5 ch",best,0.5659,0.5574,0.6398,0.823,5.3,0.0511,0.6,original,320,stretch,5,320_5_ch_stretch.log
nb19 320 stretch 5ch,"320 stretch, 5 ch",final,0.5353,0.4772,0.7105,0.599,3.2,0.0327,0.8,original,320,stretch,5,320_5_ch_stretch.log
nb21 seed ensemble,baseline seed 42 (192-space threshold),best,0.5070,0.4342,0.6772,,7.30,0.0502,0.75,original,192,stretch,1,ensemble_run.log
nb21 seed ensemble,baseline seed 43 (192-space threshold),best,0.4751,0.4227,0.6450,,5.50,0.0505,0.80,original,192,stretch,1,ensemble_run.log
nb21 seed ensemble,baseline seed 44 (192-space threshold),best,0.4737,0.4123,0.6400,,8.20,0.0635,0.75,original,192,stretch,1,ensemble_run.log
nb21 seed ensemble,ensemble of 42/43/44,best,0.5368,0.4415,0.7800,,2.80,0.0235,0.65,original,192,stretch,1,ensemble_run.log
