epoch,train_loss,val_dice_soft,val_dice_hard,lr,epoch_time_sec,nonfinite_batches,optimizer_steps,val_dice_soft_positives,val_dice_hard_positives
1,1.645592,0.000466,0.000126,0.00099999,12.49,0,89,0.004378,0.001109
2,1.56932,0.000464,0.0,0.00099997,5.58,0,178,0.004358,0.0
3,1.528542,0.000464,0.0,0.00099993,5.53,0,267,0.004351,0.0
4,1.492511,0.000463,0.0,0.00099987,5.67,0,356,0.004342,0.0
5,1.460533,0.000463,0.0,0.0009998,5.54,0,445,0.004342,0.0
6,1.431688,0.000463,0.0,0.00099971,5.65,0,534,0.004337,0.0
7,1.405157,0.000463,0.0,0.00099961,5.58,0,623,0.004333,0.0
8,1.380292,0.000462,0.0,0.00099949,5.66,0,712,0.004329,0.0
9,1.279163,0.000507,0.0,0.00099936,5.66,0,801,0.004752,0.0
10,1.098766,0.001145,0.0,0.00099921,5.7,0,890,0.010214,0.0
11,1.011839,0.003303,0.0,0.00099904,5.57,0,979,0.031062,0.0
12,0.951735,0.005204,0.0,0.00099886,5.63,0,1068,0.050174,0.0
13,0.898688,0.011368,0.0,0.00099866,5.87,0,1157,0.097621,0.0
14,0.857782,0.016122,0.0,0.00099845,5.82,0,1246,0.129029,0.0
15,0.82277,0.020234,0.0,0.00099822,5.73,0,1335,0.158968,0.0
16,0.793845,0.037738,0.0,0.00099797,5.63,0,1424,0.194741,0.0
17,0.77296,0.03226,0.0,0.00099771,5.62,0,1513,0.207339,0.0
18,0.755495,0.044998,0.0,0.00099743,5.63,0,1602,0.226209,0.0
19,0.736081,0.061773,0.0,0.00099714,5.65,0,1691,0.239398,0.0
20,0.720793,0.033704,0.0,0.00099683,5.82,0,1780,0.202223,0.0
21,0.708074,0.038698,0.0,0.00099651,5.7,0,1869,0.257066,0.0
22,0.692632,0.078705,0.0,0.00099617,5.8,0,1958,0.274615,0.0
23,0.682766,0.049144,0.0,0.00099581,5.63,0,2047,0.278991,0.0
24,0.666121,0.06374,0.0,0.00099544,5.74,0,2136,0.280816,0.0
25,0.647777,0.048544,0.0,0.00099505,5.77,0,2225,0.297194,0.0
26,0.632862,0.069817,0.0,0.00099465,5.87,0,2314,0.312795,0.0
27,0.618316,0.064816,0.0,0.00099423,5.63,0,2403,0.305263,0.0
28,0.604566,0.08264,0.0,0.0009938,5.55,0,2492,0.317359,0.0
29,0.596972,0.081893,0.0,0.00099335,5.58,0,2581,0.340396,0.0
30,0.580825,0.07654,0.0,0.00099288,5.67,0,2670,0.338761,0.0
31,0.565699,0.066937,0.009866,0.0009924,5.62,0,2759,0.326649,0.016267
32,0.554838,0.079154,0.09234,0.0009919,5.51,0,2848,0.346616,0.428885
33,0.534317,0.115026,0.159635,0.00099139,5.63,0,2937,0.340503,0.467915
34,0.530031,0.073302,0.089398,0.00099086,5.56,0,3026,0.385884,0.546058
35,0.514747,0.074304,0.090434,0.00099032,5.61,0,3115,0.326919,0.447402
36,0.499555,0.099338,0.126096,0.00098976,5.59,0,3204,0.324085,0.437797
37,0.490288,0.108483,0.137151,0.00098918,5.88,0,3293,0.355435,0.487586
38,0.47752,0.051406,0.059769,0.00098859,5.54,0,3382,0.374526,0.50874
39,0.463207,0.085754,0.104275,0.00098799,5.57,0,3471,0.378847,0.503766
40,0.461043,0.071893,0.083421,0.00098737,5.71,0,3560,0.377233,0.493074
41,0.449757,0.093758,0.112421,0.00098673,5.48,0,3649,0.374418,0.486262
42,0.439601,0.092863,0.108545,0.00098608,5.49,0,3738,0.401493,0.516099
43,0.428716,0.121879,0.14468,0.00098541,5.6,0,3827,0.397377,0.499715
44,0.427362,0.12732,0.154378,0.00098473,5.57,0,3916,0.36586,0.454352
45,0.416997,0.098846,0.115973,0.00098403,5.68,0,4005,0.4102,0.512629
46,0.412145,0.130731,0.154453,0.00098331,5.45,0,4094,0.398189,0.491179
47,0.399768,0.114984,0.132061,0.00098259,5.52,0,4183,0.41945,0.513927
48,0.392902,0.126401,0.144392,0.00098184,5.56,0,4272,0.405847,0.493446
49,0.387778,0.078661,0.087381,0.00098108,5.75,0,4361,0.415896,0.49543
50,0.387595,0.101098,0.113155,0.00098031,5.55,0,4450,0.430199,0.512139
51,0.378579,0.099415,0.111072,0.00097952,5.61,0,4539,0.425303,0.495671
52,0.374685,0.128397,0.143222,0.00097871,5.72,0,4628,0.410186,0.476207
53,0.3654,0.078787,0.085688,0.00097789,5.58,0,4717,0.466301,0.541219
54,0.361113,0.108064,0.117867,0.00097705,5.65,0,4806,0.44611,0.513278
55,0.355136,0.203069,0.23279,0.0009762,5.65,0,4895,0.431556,0.498835
56,0.350792,0.120871,0.131725,0.00097534,5.56,0,4984,0.453032,0.510741
57,0.341859,0.154026,0.170517,0.00097446,5.52,0,5073,0.440196,0.50121
58,0.343414,0.12092,0.130334,0.00097356,5.78,0,5162,0.429908,0.483439
59,0.339067,0.105982,0.114425,0.00097265,5.7,0,5251,0.436157,0.495093
60,0.327764,0.189854,0.207476,0.00097172,5.88,0,5340,0.389679,0.432412
61,0.331178,0.080865,0.085081,0.00097078,5.64,0,5429,0.422489,0.463366
62,0.326175,0.107955,0.114423,0.00096983,5.68,0,5518,0.438514,0.481084
63,0.318491,0.129889,0.13774,0.00096886,5.75,0,5607,0.452527,0.496356
64,0.323374,0.114559,0.120701,0.00096787,5.82,0,5696,0.47064,0.51224
65,0.315281,0.108711,0.114447,0.00096687,5.64,0,5785,0.454996,0.495547
66,0.310305,0.148117,0.158579,0.00096586,5.46,0,5874,0.444269,0.485243
67,0.309501,0.131455,0.138679,0.00096483,5.46,0,5963,0.469959,0.51151
68,0.308096,0.104847,0.109388,0.00096378,5.73,0,6052,0.452013,0.488181
69,0.302706,0.120109,0.12547,0.00096272,5.65,0,6141,0.374523,0.400674
70,0.302883,0.159686,0.167436,0.00096165,5.71,0,6230,0.42455,0.456467
71,0.295416,0.091285,0.09487,0.00096056,5.8,0,6319,0.394345,0.419897
72,0.295006,0.145116,0.151496,0.00095946,5.56,0,6408,0.449195,0.478493
73,0.293909,0.171542,0.17986,0.00095834,5.63,0,6497,0.378976,0.403678
74,0.289174,0.151656,0.158172,0.00095721,5.62,0,6586,0.478461,0.507804
75,0.289374,0.168419,0.174649,0.00095606,5.7,0,6675,0.491687,0.518421
76,0.28496,0.148802,0.154454,0.0009549,5.6,0,6764,0.453119,0.479126
77,0.282097,0.224981,0.235687,0.00095372,5.57,0,6853,0.439406,0.464238
78,0.282845,0.198286,0.205506,0.00095253,5.59,0,6942,0.434,0.455666
79,0.277033,0.130006,0.134081,0.00095133,5.6,0,7031,0.428201,0.449817
80,0.281277,0.128128,0.1322,0.00095011,5.64,0,7120,0.445267,0.468164
81,0.276046,0.123714,0.126794,0.00094887,5.63,0,7209,0.464508,0.485028
82,0.273232,0.206142,0.213365,0.00094763,5.57,0,7298,0.386733,0.403532
83,0.272094,0.196268,0.20293,0.00094637,5.75,0,7387,0.461621,0.481447
84,0.268511,0.159253,0.163418,0.00094509,5.65,0,7476,0.474731,0.494239
85,0.263666,0.118869,0.121321,0.0009438,5.61,0,7565,0.424198,0.441353
86,0.26598,0.166834,0.172055,0.0009425,5.63,0,7654,0.451555,0.471028
87,0.269483,0.153701,0.157105,0.00094118,5.6,0,7743,0.460183,0.476122
88,0.264468,0.131928,0.134778,0.00093985,5.6,0,7832,0.464095,0.479194
89,0.263392,0.14804,0.151876,0.0009385,5.62,0,7921,0.480221,0.498096
90,0.261757,0.177611,0.181668,0.00093714,5.83,0,8010,0.443692,0.457637
91,0.257175,0.223133,0.228437,0.00093577,5.65,0,8099,0.45453,0.468218
92,0.25745,0.15416,0.157389,0.00093438,5.59,0,8188,0.342162,0.352154
93,0.263451,0.263689,0.272858,0.00093298,5.62,0,8277,0.458322,0.474754
94,0.256881,0.184023,0.187853,0.00093157,5.7,0,8366,0.474145,0.487974
95,0.252957,0.202245,0.207127,0.00093014,5.61,0,8455,0.444168,0.457944
96,0.256387,0.174329,0.177456,0.0009287,5.47,0,8544,0.477009,0.488719
97,0.252368,0.164672,0.167653,0.00092724,5.63,0,8633,0.473078,0.485227
98,0.254486,0.18916,0.194183,0.00092577,5.79,0,8722,0.439822,0.452863
99,0.253009,0.201388,0.205365,0.00092429,5.56,0,8811,0.446069,0.455829
100,0.250846,0.229386,0.233599,0.00092279,5.53,0,8900,0.473772,0.485371
101,0.248639,0.144665,0.147446,0.00092128,5.49,0,8989,0.44389,0.455927
102,0.251655,0.173143,0.175933,0.00091976,5.56,0,9078,0.480934,0.491053
103,0.24823,0.212031,0.2158,0.00091822,5.53,0,9167,0.48034,0.490539
104,0.248057,0.126931,0.128445,0.00091667,5.61,0,9256,0.467832,0.477109
105,0.244445,0.222147,0.225937,0.00091511,5.65,0,9345,0.444129,0.45368
106,0.244978,0.216589,0.219908,0.00091354,5.5,0,9434,0.450544,0.458662
107,0.244397,0.192564,0.195677,0.00091195,5.59,0,9523,0.430508,0.439033
108,0.245051,0.188626,0.191478,0.00091035,5.5,0,9612,0.459183,0.468164
109,0.248129,0.162447,0.164589,0.00090873,5.65,0,9701,0.49613,0.504647
110,0.24179,0.199112,0.202634,0.0009071,5.53,0,9790,0.430726,0.439231
111,0.240814,0.247838,0.251774,0.00090546,5.64,0,9879,0.467686,0.476273
112,0.239022,0.178259,0.180492,0.00090381,5.64,0,9968,0.476698,0.484632
113,0.239659,0.192466,0.194869,0.00090214,5.64,0,10057,0.434326,0.441858
114,0.242754,0.131781,0.133339,0.00090047,5.58,0,10146,0.44671,0.454818
115,0.238879,0.203009,0.205182,0.00089877,5.52,0,10235,0.475706,0.48234
116,0.235709,0.227427,0.230291,0.00089707,5.57,0,10324,0.483322,0.491464
117,0.234234,0.18617,0.188355,0.00089535,5.58,0,10413,0.492361,0.500131
118,0.232146,0.230832,0.234723,0.00089362,5.64,0,10502,0.46183,0.470898
119,0.235807,0.199234,0.201621,0.00089188,5.46,0,10591,0.436441,0.442499
120,0.234884,0.222078,0.224664,0.00089013,5.59,0,10680,0.491688,0.49778
121,0.23378,0.168222,0.170183,0.00088836,5.66,0,10769,0.418306,0.424781
122,0.236719,0.185973,0.187716,0.00088658,5.49,0,10858,0.464418,0.46981
123,0.231087,0.150639,0.15255,0.00088479,5.58,0,10947,0.448264,0.454416
124,0.234144,0.173979,0.176177,0.00088299,5.66,0,11036,0.443598,0.449741
125,0.232564,0.138354,0.139449,0.00088117,5.48,0,11125,0.481887,0.487894
126,0.231172,0.19911,0.201437,0.00087935,5.58,0,11214,0.413895,0.419744
127,0.228988,0.17215,0.173955,0.00087751,5.76,0,11303,0.495979,0.501231
128,0.228014,0.134036,0.135233,0.00087566,5.77,0,11392,0.46922,0.475416
129,0.227896,0.193758,0.195785,0.00087379,5.49,0,11481,0.501035,0.506563
130,0.224995,0.172953,0.174602,0.00087192,5.64,0,11570,0.446784,0.451667
131,0.227694,0.256379,0.259365,0.00087003,5.79,0,11659,0.457965,0.463066
132,0.228241,0.177259,0.179154,0.00086813,5.72,0,11748,0.440092,0.444731
133,0.227505,0.250898,0.253393,0.00086622,5.66,0,11837,0.460205,0.46562
134,0.222907,0.152239,0.153387,0.0008643,5.7,0,11926,0.490518,0.495916
135,0.226221,0.234331,0.236276,0.00086237,5.71,0,12015,0.42703,0.430986
136,0.223147,0.206624,0.208918,0.00086042,5.66,0,12104,0.513072,0.518103
137,0.220205,0.212519,0.213859,0.00085847,5.73,0,12193,0.405554,0.408066
138,0.223837,0.170024,0.171895,0.0008565,5.81,0,12282,0.444459,0.450187
139,0.225254,0.190854,0.192352,0.00085452,5.61,0,12371,0.471727,0.475216
140,0.222646,0.164922,0.16675,0.00085253,5.72,0,12460,0.49231,0.497771
141,0.223024,0.193085,0.195802,0.00085053,5.59,0,12549,0.461958,0.468435
142,0.226541,0.312525,0.316482,0.00084852,5.78,0,12638,0.436257,0.440256
143,0.224671,0.206232,0.208333,0.0008465,5.62,0,12727,0.485771,0.490675
144,0.222845,0.180334,0.181615,0.00084446,5.63,0,12816,0.490699,0.494947
145,0.2216,0.184955,0.186805,0.00084242,5.58,0,12905,0.440257,0.444692
146,0.222331,0.168355,0.16955,0.00084036,5.72,0,12994,0.453813,0.457511
147,0.219041,0.163324,0.164956,0.0008383,5.71,0,13083,0.429075,0.433892
148,0.22454,0.148671,0.149946,0.00083622,5.71,0,13172,0.460722,0.465207
149,0.22603,0.189251,0.190417,0.00083413,5.63,0,13261,0.464906,0.468753
150,0.215228,0.202054,0.203351,0.00083203,5.81,0,13350,0.476418,0.480697
151,0.222014,0.153138,0.154273,0.00082993,5.69,0,13439,0.466996,0.47153
152,0.222412,0.201346,0.203067,0.00082781,5.69,0,13528,0.448907,0.453033
153,0.217023,0.165816,0.167011,0.00082568,5.6,0,13617,0.446918,0.450085
154,0.217702,0.130078,0.130935,0.00082354,5.78,0,13706,0.46844,0.473116
155,0.218073,0.182881,0.183524,0.00082139,5.55,0,13795,0.468346,0.470553
156,0.215526,0.201709,0.202978,0.00081923,5.57,0,13884,0.443791,0.447497
157,0.21306,0.208869,0.210117,0.00081706,5.6,0,13973,0.446988,0.450112
158,0.215235,0.234593,0.235965,0.00081488,5.73,0,14062,0.470821,0.473451
159,0.217578,0.237742,0.239615,0.00081269,5.73,0,14151,0.47863,0.481975
160,0.216165,0.221243,0.222826,0.00081049,5.69,0,14240,0.475559,0.478508
161,0.213328,0.195803,0.197252,0.00080828,5.62,0,14329,0.453822,0.457032
162,0.211499,0.192951,0.194723,0.00080606,5.68,0,14418,0.489168,0.493191
163,0.219815,0.250601,0.252776,0.00080383,5.75,0,14507,0.483436,0.487613
164,0.218772,0.213358,0.214752,0.00080159,5.81,0,14596,0.480612,0.483271
165,0.21575,0.163871,0.165265,0.00079934,5.68,0,14685,0.508068,0.512035
166,0.216082,0.224974,0.22643,0.00079709,5.72,0,14774,0.524441,0.528251
167,0.216258,0.168922,0.170231,0.00079482,5.74,0,14863,0.491609,0.495745
168,0.213503,0.194111,0.195436,0.00079254,5.78,0,14952,0.498104,0.501577
169,0.212065,0.205703,0.208458,0.00079026,5.71,0,15041,0.499476,0.504067
170,0.211219,0.223372,0.225216,0.00078796,5.61,0,15130,0.509349,0.513141
171,0.212607,0.274456,0.277307,0.00078566,5.67,0,15219,0.508877,0.513175
172,0.211797,0.203286,0.20498,0.00078335,5.67,0,15308,0.50656,0.509903
173,0.212456,0.214214,0.216376,0.00078103,5.81,0,15397,0.517295,0.52163
174,0.210538,0.225291,0.226803,0.0007787,5.71,0,15486,0.490249,0.493347
175,0.210636,0.243962,0.245954,0.00077636,5.72,0,15575,0.452772,0.456445
176,0.211587,0.242985,0.245197,0.00077401,5.72,0,15664,0.475058,0.478492
177,0.213464,0.207257,0.208254,0.00077165,5.8,0,15753,0.460973,0.463532
178,0.21347,0.146867,0.147543,0.00076929,5.95,0,15842,0.483022,0.485671
179,0.213523,0.175661,0.177121,0.00076691,5.88,0,15931,0.452224,0.456032
180,0.211715,0.170762,0.172239,0.00076453,5.99,0,16020,0.494329,0.498228
181,0.210303,0.228359,0.230024,0.00076214,5.77,0,16109,0.425444,0.426802
182,0.209635,0.236606,0.238102,0.00075974,5.82,0,16198,0.472583,0.475024
183,0.211588,0.269214,0.271455,0.00075734,5.72,0,16287,0.500436,0.503658
184,0.209895,0.203134,0.204704,0.00075492,5.67,0,16376,0.503659,0.506267
185,0.211164,0.242531,0.243662,0.0007525,5.71,0,16465,0.49853,0.50172
186,0.205503,0.221803,0.223471,0.00075007,5.65,0,16554,0.448542,0.451185
187,0.210092,0.230028,0.231021,0.00074763,5.61,0,16643,0.432579,0.434006
188,0.208104,0.21455,0.215637,0.00074518,5.68,0,16732,0.467436,0.470098
189,0.206446,0.180677,0.182052,0.00074273,5.66,0,16821,0.459053,0.461111
190,0.204808,0.220532,0.222113,0.00074027,5.8,0,16910,0.442284,0.444302
191,0.206923,0.221077,0.222922,0.0007378,5.63,0,16999,0.450267,0.452926
192,0.207409,0.204497,0.205795,0.00073532,5.79,0,17088,0.47143,0.473072
193,0.209704,0.238261,0.239397,0.00073284,5.77,0,17177,0.502253,0.504046
194,0.210592,0.214879,0.215954,0.00073035,5.83,0,17266,0.483444,0.485245
195,0.208905,0.213603,0.214562,0.00072785,5.9,0,17355,0.490366,0.492323
196,0.207453,0.158307,0.158958,0.00072535,5.83,0,17444,0.506168,0.509208
197,0.204524,0.25915,0.260663,0.00072283,5.64,0,17533,0.464166,0.466233
198,0.205348,0.220539,0.221933,0.00072031,5.6,0,17622,0.501055,0.503898
199,0.208529,0.280776,0.282737,0.00071779,5.75,0,17711,0.513883,0.516981
200,0.202639,0.230125,0.231791,0.00071525,5.73,0,17800,0.467618,0.469911
201,0.207426,0.248463,0.249629,0.00071271,5.84,0,17889,0.486967,0.489522
202,0.206068,0.155811,0.156862,0.00071017,5.8,0,17978,0.523664,0.527232
203,0.204478,0.202427,0.203364,0.00070761,5.63,0,18067,0.488538,0.491406
204,0.206584,0.222081,0.223364,0.00070505,5.8,0,18156,0.51621,0.519318
205,0.204114,0.230866,0.232374,0.00070249,5.71,0,18245,0.521276,0.524413
206,0.207148,0.216999,0.217979,0.00069992,5.65,0,18334,0.505622,0.50827
207,0.204744,0.228269,0.229276,0.00069734,5.75,0,18423,0.478768,0.479867
208,0.203804,0.188622,0.189585,0.00069475,5.76,0,18512,0.490909,0.493163
209,0.206074,0.25324,0.254592,0.00069216,5.73,0,18601,0.479611,0.481669
210,0.203281,0.240631,0.241765,0.00068956,5.79,0,18690,0.517658,0.519894
211,0.201166,0.269212,0.270952,0.00068696,5.73,0,18779,0.469559,0.471825
212,0.200272,0.24926,0.250371,0.00068435,5.61,0,18868,0.511802,0.514315
213,0.20419,0.227656,0.229064,0.00068174,5.66,0,18957,0.486247,0.488777
214,0.203484,0.267554,0.268472,0.00067912,5.56,0,19046,0.507732,0.50916
215,0.200329,0.251123,0.252951,0.00067649,5.63,0,19135,0.487184,0.490041
216,0.204645,0.255079,0.25598,0.00067386,5.64,0,19224,0.482308,0.484651
217,0.199797,0.250225,0.251695,0.00067122,5.62,0,19313,0.492074,0.494821
218,0.20333,0.231341,0.232957,0.00066858,5.71,0,19402,0.512221,0.515279
219,0.204436,0.193243,0.194556,0.00066594,5.68,0,19491,0.516566,0.518873
220,0.202739,0.223402,0.224846,0.00066328,5.73,0,19580,0.493734,0.496465
221,0.199666,0.245011,0.246501,0.00066063,5.59,0,19669,0.506573,0.509309
222,0.20311,0.206975,0.208408,0.00065796,5.53,0,19758,0.497308,0.50004
223,0.201952,0.224855,0.226247,0.0006553,5.67,0,19847,0.505104,0.50732
224,0.200617,0.270016,0.271676,0.00065262,5.78,0,19936,0.520002,0.52309
225,0.199558,0.238079,0.239426,0.00064995,5.84,0,20025,0.510724,0.512961
226,0.199557,0.268832,0.270914,0.00064727,5.7,0,20114,0.50326,0.505979
227,0.200444,0.270998,0.272415,0.00064458,5.69,0,20203,0.515546,0.5176
228,0.198427,0.22282,0.224157,0.00064189,5.79,0,20292,0.503316,0.505413
229,0.201875,0.21318,0.214032,0.00063919,5.76,0,20381,0.521056,0.523502
230,0.202395,0.192444,0.193125,0.0006365,5.77,0,20470,0.507927,0.509732
231,0.19824,0.245515,0.246551,0.00063379,5.76,0,20559,0.50145,0.503797
232,0.198779,0.230275,0.231117,0.00063108,5.93,0,20648,0.490788,0.492389
233,0.197726,0.268947,0.270527,0.00062837,5.71,0,20737,0.514415,0.517175
234,0.198341,0.200774,0.201278,0.00062566,5.58,0,20826,0.488938,0.490282
235,0.200071,0.203937,0.204658,0.00062294,5.78,0,20915,0.508448,0.509837
236,0.200166,0.232908,0.234194,0.00062021,5.74,0,21004,0.51762,0.52016
237,0.196192,0.219681,0.220638,0.00061749,5.63,0,21093,0.478377,0.480624
238,0.199704,0.209068,0.2102,0.00061476,5.55,0,21182,0.492274,0.494178
239,0.196878,0.265167,0.266248,0.00061202,5.67,0,21271,0.510206,0.51167
240,0.197647,0.203674,0.204937,0.00060929,5.76,0,21360,0.512017,0.513986
241,0.199511,0.218512,0.219978,0.00060655,5.75,0,21449,0.502594,0.505495
242,0.199368,0.252892,0.254341,0.0006038,5.79,0,21538,0.511249,0.512945
243,0.195417,0.306172,0.307746,0.00060105,5.72,0,21627,0.471734,0.473657
244,0.196899,0.216143,0.216969,0.0005983,5.71,0,21716,0.468068,0.470162
